<?xml version="1.0" encoding="utf-8" ?>
<xs:schema xmlns="http://www.martinvseticka.eu/SoTh" 
           targetNamespace="http://www.martinvseticka.eu/SoTh" 
           xmlns:xs="http://www.w3.org/2001/XMLSchema" 
           elementFormDefault="qualified" attributeFormDefault="unqualified">


  <xs:element name="FirstState">
    <xs:simpleType>
      <xs:restriction base="xs:string">
        <xs:enumeration value="wait"/>
        <xs:enumeration value="goRight"/>
        <xs:enumeration value="goUp"/>
        <xs:enumeration value="goDown"/>
        <xs:enumeration value="wait"/>
        <xs:enumeration value="pursuit"/>
        <xs:enumeration value="guardRow"/>
        <xs:enumeration value="guardColumn"/>
      </xs:restriction>
    </xs:simpleType>
  </xs:element>

  <xs:complexType name="SokobanType">
    <xs:complexContent>
      <xs:extension base="GameObjectType">
        <xs:sequence>
          <!--
          <xs:element name="Version" type="xs:string" minOccurs="0" maxOccurs="1" />
          <xs:element name="PosX" type="xs:integer"/>
          <xs:element name="PosY" type="xs:integer"/>
          <xs:element name="InitializeMessage" type="xs:string" minOccurs="0" maxOccurs="1"/>
          -->
          <xs:element ref="FirstState" />          
        </xs:sequence>
       </xs:extension>
    </xs:complexContent>
  </xs:complexType>
  
  <xs:element name="Sokoban" substitutionGroup="GameObject" type="SokobanType" />
  
</xs:schema>