<?xml version="1.0" encoding="UTF-8"?><?xml-stylesheet type='text/xsl' href='_UpgradeReport_Files/UpgradeReport.xslt'?><UpgradeLog>
<Properties><Property Name="Solution" Value="Main">
</Property><Property Name="Solution File" Value="D:\Bakalarka\Sokoban\Main\Main.sln">
</Property><Property Name="Date" Value="29. dubna 2010">
</Property><Property Name="Time" Value="11:48:32">
</Property><Property Name="Log Number" Value="2">
</Property></Properties><Event ErrorLevel="0" Project="Sokoban" Source="..\Tests\KeyboardInputTest\Sokoban\Sokoban.csproj" Description="Project converted successfully">
</Event><Event ErrorLevel="3" Project="Sokoban" Source="..\Tests\KeyboardInputTest\Sokoban\Sokoban.csproj" Description="Converted">
</Event><Event ErrorLevel="0" Project="Sokoban" Source="..\Tests\KeyboardInputTest\Sokoban\Sokoban.csproj" Description="Scan complete: Upgrade not required for project files.">
</Event></UpgradeLog>